Product,Category
1TB Portable External Hard Drive,External Hardrives
2TB Portable External Hard Drive,External Hardrives
3-Button Mouse,Computer Mice
3TB Portable External Hard Drive,External Hardrives
5TB Desktop Hard Drive,External Hardrives
Acer Aspire,Laptops
Acer Desktop,Desktop
Acer Monitor,Monitors
Ailihen Stereo Headphones,Computer Headphones
Alienware Laptop,Laptops
AOC Monitor,Monitors
APIE Bluetooth Headphone,Active Headphones
Apple Earpods,Active Headphones
Apple MacBook Air,Laptops
Apple MacBook Pro,Laptops
Apple Magic Keyboard,Keyboard
Apple TV,Smart Home Devices
Apple Wired Keyboard,Keyboard
Apple Wireless Keyboard,Keyboard
ASUS 2 Monitor,Monitors
ASUS Chromebook,Laptops
ASUS Desktop,Desktop
ASUS Monitor,Monitors
Audio Cable,Computer Cords
Backlit LED Gaming Keyboard,Keyboard
Belkin Mouse Pad,Accessories
Bose Companion Speakers,Speakers
Brother Printer,Printers
Brother Printer Toner,Printer Ink
Cambridge Bluetooth Speaker,Speakers
Canon Ink,Printer Ink
Canon Office Printer,Printers
Computer Game,Accessories
Cyber Acoustics,Speakers
CYBERPOWER Gamer Desktop,Desktop
Dell 2 Desktop,Desktop
Dell Desktop,Desktop
Dell KM117 Wireless Keyboard & Mouse,Mouse and Keyboard Combo
Dell Laptop,Laptops
Dell Monitor,Monitors
Dell Wired Keyboard,Keyboard
DOSS Touch Wireless Bluetooth,Speakers
DYMO Label Manker,Printers
DYMO Labeling Tape,Printer Ink
EagleTec Wireless Combo Keyboard and Mouse,Mouse and Keyboard Combo
Eluktronics Pro Gaming Laptop,Laptops
Epson Black Ink,Printer Ink
Epson Printer,Printers
Etekcity Power Extension Cord Cable,Computer Cords
Ethernet Cable,Computer Cords
Fire HD Tablet,Computer Tablets
Fire TV Stick,Smart Home Devices
Full Motion Monitor Mount,Computer Stands
Gaming Mouse Professional,Computer Mice
Generic Black 3-Button,Computer Mice
Google Home,Smart Home Devices
Halter Acrylic Monitor Stand,Computer Stands
Halter Mesh Metal Monitor Stand,Computer Stands
HDMI Adapter,Computer Cords
HDMI Cable 6ft,Computer Cords
Height-Adjustable Standing Desk,Computer Stands
HP Black & Tri-color Ink,Printer Ink
HP Desktop,Desktop
HP Laptop,Laptops
HP Monitor,Monitors
HP Notebook Touchscreen Laptop PC,Laptops
HP USB Keyboard,Keyboard
HP Wireless Mouse,Computer Mice
HP Wireless Printer,Printers
iMac,Desktop
Intel Desktop,Desktop
iPad,Computer Tablets
iPad Pro,Computer Tablets
iPhone Charger Cable,Computer Cords
JBL Splashproof Portable Bluetooth Speaker,Speakers
Kensington Headphones,Computer Headphones
Kindle,Computer Tablets
Koss Home Headphones,Computer Headphones
Large Mouse Pad,Accessories
Lenovo Desktop Computer,Desktop
LG Monitor,Monitors
LG Touchscreen Laptop,Laptops
Logitech 3-button Mouse,Computer Mice
Logitech ClearChat Headset,Computer Headphones
Logitech Desktop MK120 Mouse and keyboard Combo,Mouse and Keyboard Combo
Logitech Keyboard,Keyboard
Logitech MK270 Wireless Keyboard and Mouse Combo,Mouse and Keyboard Combo
Logitech MK360 Wireless Keyboard and Mouse Combo,Mouse and Keyboard Combo
Logitech MK550 Wireless Wave Keyboard and Mouse Combo,Mouse and Keyboard Combo
Logitech Multimedia Speakers,Speakers
Logitech Stereo Headset,Computer Headphones
Logitech Wireless Keyboard,Keyboard
Logitech Wireless Mouse,Computer Mice
Mackie CR Speakers,Speakers
Microsoft Basic Optical Mouse,Computer Mice
Microsoft Headset,Computer Headphones
Microsoft Office Home and Student 2016,Accessories
Microsoft Wireless Comfort Keyboard and Mouse,Mouse and Keyboard Combo
Microsoft Wireless Desktop Keyboard and Mouse,Mouse and Keyboard Combo
Monster Beats By Dr Dre,Active Headphones
Multi Media Stand,Computer Stands
Otium Wireless Sports Bluetooth Headphone,Active Headphones
Panasonic In-Ear Headphone,Active Headphones
Panasonic On-Ear Stereo Headphones,Computer Headphones
PC Gaming Headset,Computer Headphones
Philips Flexible Earhook Headphone,Active Headphones
Redragon Gaming Mouse,Computer Mice
Rii LED Gaming Keyboard & Mouse Combo,Mouse and Keyboard Combo
Rii LED Keyboard,Keyboard
Rokono Mini Speaker,Speakers
Roku Express,Smart Home Devices
Samsung Charging Cable,Computer Cords
Samsung Galaxy Tablet,Computer Tablets
Samsung Monitor,Monitors
Sceptre Monitor,Monitors
Slim 2TB Portable External Hard Drive,External Hardrives
Slim Wireless Mouse,Computer Mice
Smart Light Bulb,Smart Home Devices
Sonos,Speakers
USB Cable,Computer Cords
VGA Monitor Cable,Computer Cords
ViewSonic Monitor,Monitors
Wireless Portable Mouse,Computer Mice
XIBERIA Gaming Headset,Computer Headphones
Zombie Gaming Headset,Computer Headphones